Workbook

Sheet Sheet1
A1: пн | B1: Описание | C1: Тнвэд | E1: URL | F1: ТНВЭД | G1: Кол-во символов | H1: 107 | I1: Фамилия
A2: 2920 | B2: Термобрюки | D2: https://www.ozon.ru/product/4305517722/ | E2: https://www.ozon.ru/product/4305517722/ | F2: =VLOOKUP(C2,Лист1!$A:$E,2,0) -> #N/A | G2: =LEN(C2) -> 0 | I2: =IF(C2<>"","Куратов","")
A3: 2921 | B3: Рулевая колонка для велосипеда | D3: https://www.ozon.ru/product/5237595642/ | E3: https://www.ozon.ru/product/5237595642/ | F3: =VLOOKUP(C3,Лист1!$A:$C,2,0) -> #N/A | G3: =LEN(C3) -> 0 | I3: =IF(C3<>"","Куратов","")
A4: 2922 | B4: Комплект верхней одежды | D4: https://www.ozon.ru/product/3831485266/ | E4: https://www.ozon.ru/product/3831485266/ | F4: =VLOOKUP(C4,Лист1!$A:$C,2,0) -> #N/A | G4: =LEN(C4) -> 0 | I4: =IF(C4<>"","Куратов","")
A5: 2923 | B5: Музыкальный диск | D5: https://www.ozon.ru/product/4595079628/ | E5: https://www.ozon.ru/product/4595079628/ | F5: =VLOOKUP(C5,Лист1!$A:$C,2,0) -> #N/A | G5: =LEN(C5) -> 0 | I5: =IF(C5<>"","Куратов","")
A6: 2924 | B6: Чехол для смартфона | D6: https://www.ozon.ru/product/5376655389/ | E6: https://www.ozon.ru/product/5376655389/ | F6: =VLOOKUP(C6,Лист1!$A:$C,2,0) -> #N/A | G6: =LEN(C6) -> 0 | I6: =IF(C6<>"","Куратов","")
A7: 2925 | B7: Брюки | D7: https://www.ozon.ru/product/4757243649/ | E7: https://www.ozon.ru/product/4757243649/ | F7: =VLOOKUP(C7,Лист1!$A:$C,2,0) -> #N/A | G7: =LEN(C7) -> 0 | I7: =IF(C7<>"","Куратов","")
A8: 2926 | B8: Ботинки | D8: https://www.ozon.ru/product/3789031698/ | E8: https://www.ozon.ru/product/3789031698/ | F8: =VLOOKUP(C8,Лист1!$A:$C,2,0) -> #N/A | G8: =LEN(C8) -> 0 | I8: =IF(C8<>"","Куратов","")
A9: 2927 | B9: Сервиз чайный, кофейный | D9: https://www.ozon.ru/product/4254840178/ | E9: https://www.ozon.ru/product/4254840178/ | F9: =VLOOKUP(C9,Лист1!$A:$C,2,0) -> #N/A | G9: =LEN(C9) -> 0 | I9: =IF(C9<>"","Куратов","")
A10: 2928 | B10: Фигурка | D10: https://www.ozon.ru/product/5071752816/ | E10: https://www.ozon.ru/product/5071752816/ | F10: =VLOOKUP(C10,Лист1!$A:$C,2,0) -> #N/A | G10: =LEN(C10) -> 0 | I10: =IF(C10<>"","Куратов","")
A11: 2929 | B11: Поддон для дегидратора | D11: https://www.ozon.ru/product/4264625141/ | E11: https://www.ozon.ru/product/4264625141/ | F11: =VLOOKUP(C11,Лист1!$A:$C,2,0) -> #N/A | G11: =LEN(C11) -> 0 | I11: =IF(C11<>"","Куратов","")
A12: 2930 | B12: Брюки | D12: https://www.ozon.ru/product/3431059778/ | E12: https://www.ozon.ru/product/3431059778/ | F12: =VLOOKUP(C12,Лист1!$A:$C,2,0) -> #N/A | G12: =LEN(C12) -> 0 | I12: =IF(C12<>"","Куратов","")
A13: 2931 | B13: Бюстгальтер | D13: https://www.ozon.ru/product/2967893252/ | E13: https://www.ozon.ru/product/2967893252/ | F13: =VLOOKUP(C13,Лист1!$A:$C,2,0) -> #N/A | G13: =LEN(C13) -> 0 | I13: =IF(C13<>"","Куратов","")
A14: 2932 | B14: Лейка для душа | D14: https://www.ozon.ru/product/5170142095/ | E14: https://www.ozon.ru/product/5170142095/ | F14: =VLOOKUP(C14,Лист1!$A:$C,2,0) -> #N/A | G14: =LEN(C14) -> 0 | I14: =IF(C14<>"","Куратов","")
... A101: 3019 | B101: Комплект нижнего белья | D101: https://www.ozon.ru/product/3059732356/ | E101: https://www.ozon.ru/product/3059732356/ | F101: =VLOOKUP(C101,Лист1!$A:$C,2,0) -> #N/A | G101: =LEN(C101) -> 0 | I101: =IF(C101<>"","Куратов","")
F102: =VLOOKUP(C102,Лист1!$A:$C,2,0) -> #N/A | G102: =LEN(C102) -> 0 | I102: =IF(C102<>"","Куратов","")
F103: =VLOOKUP(C103,Лист1!$A:$C,2,0) -> #N/A | G103: =LEN(C103) -> 0 | I103: =IF(C103<>"","Куратов","")
F104: =VLOOKUP(C104,Лист1!$A:$C,2,0) -> #N/A | G104: =LEN(C104) -> 0 | I104: =IF(C104<>"","Куратов","")
F105: =VLOOKUP(C105,Лист1!$A:$C,2,0) -> #N/A | G105: =LEN(C105) -> 0 | I105: =IF(C105<>"","Куратов","")
F106: =VLOOKUP(C106,Лист1!$A:$C,2,0) -> #N/A | G106: =LEN(C106) -> 0 | I106: =IF(C106<>"","Куратов","")
F107: =VLOOKUP(C107,Лист1!$A:$C,2,0) -> #N/A | G107: =LEN(C107) -> 0 | I107: =IF(C107<>"","Куратов","")
F108: =VLOOKUP(C108,Лист1!$A:$C,2,0) -> #N/A | G108: =LEN(C108) -> 0 | I108: =IF(C108<>"","Куратов","")
F109: =VLOOKUP(C109,Лист1!$A:$C,2,0) -> #N/A | G109: =LEN(C109) -> 0 | I109: =IF(C109<>"","Куратов","")
F110: =VLOOKUP(C110,Лист1!$A:$C,2,0) -> #N/A | G110: =LEN(C110) -> 0 | I110: =IF(C110<>"","Куратов","")
F111: =VLOOKUP(C111,Лист1!$A:$C,2,0) -> #N/A | G111: =LEN(C111) -> 0 | I111: =IF(C111<>"","Куратов","")
F112: =VLOOKUP(C112,Лист1!$A:$C,2,0) -> #N/A | G112: =LEN(C112) -> 0 | I112: =IF(C112<>"","Куратов","")
F113: =VLOOKUP(C113,Лист1!$A:$C,2,0) -> #N/A | G113: =LEN(C113) -> 0 | I113: =IF(C113<>"","Куратов","")
... F469: =VLOOKUP(C469,Лист1!$A:$C,2,0) -> #N/A | G469: =LEN(C469) -> 0 | I469: =IF(C469<>"","Куратов","")
F470: =VLOOKUP(C470,Лист1!$A:$C,2,0) -> #N/A | G470: =LEN(C470) -> 0
F471: =VLOOKUP(C471,Лист1!$A:$C,2,0) -> #N/A | G471: =LEN(C471) -> 0
F472: =VLOOKUP(C472,Лист1!$A:$C,2,0) -> #N/A | G472: =LEN(C472) -> 0
F473: =VLOOKUP(C473,Лист1!$A:$C,2,0) -> #N/A | G473: =LEN(C473) -> 0
F474: =VLOOKUP(C474,Лист1!$A:$C,2,0) -> #N/A | G474: =LEN(C474) -> 0
D475: =HYPERLINK(E475) | F475: =VLOOKUP(C475,Лист1!$A:$C,2,0) -> #N/A | G475: =LEN(C475) -> 0
D476: =HYPERLINK(E476) | F476: =VLOOKUP(C476,Лист1!$A:$C,2,0) -> #N/A | G476: =LEN(C476) -> 0
D477: =HYPERLINK(E477) | F477: =VLOOKUP(C477,Лист1!$A:$C,2,0) -> #N/A | G477: =LEN(C477) -> 0
D478: =HYPERLINK(E478) | F478: =VLOOKUP(C478,Лист1!$A:$C,2,0) -> #N/A | G478: =LEN(C478) -> 0
D479: =HYPERLINK(E479) | F479: =VLOOKUP(C479,Лист1!$A:$C,2,0) -> #N/A | G479: =LEN(C479) -> 0
D480: =HYPERLINK(E480) | F480: =VLOOKUP(C480,Лист1!$A:$C,2,0) -> #N/A | G480: =LEN(C480) -> 0
D481: =HYPERLINK(E481) | F481: =VLOOKUP(C481,Лист1!$A:$C,2,0) -> #N/A | G481: =LEN(C481) -> 0
D482: =HYPERLINK(E482) | F482: =VLOOKUP(C482,Лист1!$A:$C,2,0) -> #N/A | G482: =LEN(C482) -> 0
D483: =HYPERLINK(E483) | F483: =VLOOKUP(C483,Лист1!$A:$C,2,0) -> #N/A | G483: =LEN(C483) -> 0
D484: =HYPERLINK(E484) | F484: =VLOOKUP(C484,Лист1!$A:$C,2,0) -> #N/A | G484: =LEN(C484) -> 0
D485: =HYPERLINK(E485) | F485: =VLOOKUP(C485,Лист1!$A:$C,2,0) -> #N/A | G485: =LEN(C485) -> 0
D486: =HYPERLINK(E486) | F486: =VLOOKUP(C486,Лист1!$A:$C,2,0) -> #N/A | G486: =LEN(C486) -> 0
... D1764: =HYPERLINK(E1764) | F1764: =VLOOKUP(C1764,Лист1!$A:$C,2,0) -> #N/A | G1764: =LEN(C1764) -> 0
D1765: =HYPERLINK(E1765) | F1765: Да | G1765: =LEN(C1765) -> 0
D1766: =HYPERLINK(E1766) | F1766: =VLOOKUP(C1766,Лист1!$A:$C,2,0) -> #N/A | G1766: =LEN(C1766) -> 0
D1767: =HYPERLINK(E1767) | F1767: =VLOOKUP(C1767,Лист1!$A:$C,2,0) -> #N/A | G1767: =LEN(C1767) -> 0
D1768: =HYPERLINK(E1768) | F1768: =VLOOKUP(C1768,Лист1!$A:$C,2,0) -> #N/A | G1768: =LEN(C1768) -> 0
D1769: =HYPERLINK(E1769) | F1769: =VLOOKUP(C1769,Лист1!$A:$C,2,0) -> #N/A | G1769: =LEN(C1769) -> 0
D1770: =HYPERLINK(E1770) | F1770: =VLOOKUP(C1770,Лист1!$A:$C,2,0) -> #N/A | G1770: =LEN(C1770) -> 0
D1771: =HYPERLINK(E1771) | F1771: =VLOOKUP(C1771,Лист1!$A:$C,2,0) -> #N/A | G1771: =LEN(C1771) -> 0
D1772: =HYPERLINK(E1772) | F1772: =VLOOKUP(C1772,Лист1!$A:$C,2,0) -> #N/A | G1772: =LEN(C1772) -> 0
D1773: =HYPERLINK(E1773) | F1773: =VLOOKUP(C1773,Лист1!$A:$C,2,0) -> #N/A | G1773: =LEN(C1773) -> 0
D1774: =HYPERLINK(E1774) | F1774: =VLOOKUP(C1774,Лист1!$A:$C,2,0) -> #N/A | G1774: =LEN(C1774) -> 0
D1775: =HYPERLINK(E1775) | F1775: =VLOOKUP(C1775,Лист1!$A:$C,2,0) -> #N/A | G1775: =LEN(C1775) -> 0
D1776: =HYPERLINK(E1776) | F1776: =VLOOKUP(C1776,Лист1!$A:$C,2,0) -> #N/A | G1776: =LEN(C1776) -> 0
D1777: =HYPERLINK(E1777) | F1777: =VLOOKUP(C1777,Лист1!$A:$C,2,0) -> #N/A | G1777: =LEN(C1777) -> 0
... D2596: =HYPERLINK(E2596) | F2596: =VLOOKUP(C2596,Лист1!$A:$C,2,0) -> #N/A | G2596: =LEN(C2596) -> 0
D2597: =HYPERLINK(E2597) | F2597: Да | G2597: =LEN(C2597) -> 0
D2598: =HYPERLINK(E2598) | F2598: =VLOOKUP(C2598,Лист1!$A:$C,2,0) -> #N/A | G2598: =LEN(C2598) -> 0
D2599: =HYPERLINK(E2599) | F2599: =VLOOKUP(C2599,Лист1!$A:$C,2,0) -> #N/A | G2599: =LEN(C2599) -> 0
D2600: =HYPERLINK(E2600) | F2600: =VLOOKUP(C2600,Лист1!$A:$C,2,0) -> #N/A | G2600: =LEN(C2600) -> 0
D2601: =HYPERLINK(E2601) | F2601: =VLOOKUP(C2601,Лист1!$A:$C,2,0) -> #N/A | G2601: =LEN(C2601) -> 0
D2602: =HYPERLINK(E2602) | F2602: =VLOOKUP(C2602,Лист1!$A:$C,2,0) -> #N/A | G2602: =LEN(C2602) -> 0
D2603: =HYPERLINK(E2603) | F2603: =VLOOKUP(C2603,Лист1!$A:$C,2,0) -> #N/A | G2603: =LEN(C2603) -> 0
D2604: =HYPERLINK(E2604) | F2604: =VLOOKUP(C2604,Лист1!$A:$C,2,0) -> #N/A | G2604: =LEN(C2604) -> 0
D2605: =HYPERLINK(E2605) | F2605: =VLOOKUP(C2605,Лист1!$A:$C,2,0) -> #N/A | G2605: =LEN(C2605) -> 0
D2606: =HYPERLINK(E2606) | F2606: =VLOOKUP(C2606,Лист1!$A:$C,2,0) -> #N/A | G2606: =LEN(C2606) -> 0
D2607: =HYPERLINK(E2607) | F2607: =VLOOKUP(C2607,Лист1!$A:$C,2,0) -> #N/A | G2607: =LEN(C2607) -> 0
D2608: =HYPERLINK(E2608) | F2608: =VLOOKUP(C2608,Лист1!$A:$C,2,0) -> #N/A | G2608: =LEN(C2608) -> 0
D2609: =HYPERLINK(E2609) | F2609: =VLOOKUP(C2609,Лист1!$A:$C,2,0) -> #N/A | G2609: =LEN(C2609) -> 0
... D2633: =HYPERLINK(E2633) | F2633: =VLOOKUP(C2633,Лист1!$A:$C,2,0) -> #N/A | G2633: =LEN(C2633) -> 0
D2634: =HYPERLINK(E2634) | F2634: Да | G2634: =LEN(C2634) -> 0
D2635: =HYPERLINK(E2635) | F2635: Да | G2635: =LEN(C2635) -> 0
D2636: =HYPERLINK(E2636) | F2636: =VLOOKUP(C2636,Лист1!$A:$C,2,0) -> #N/A | G2636: =LEN(C2636) -> 0
D2637: =HYPERLINK(E2637) | F2637: =VLOOKUP(C2637,Лист1!$A:$C,2,0) -> #N/A | G2637: =LEN(C2637) -> 0
D2638: =HYPERLINK(E2638) | F2638: =VLOOKUP(C2638,Лист1!$A:$C,2,0) -> #N/A | G2638: =LEN(C2638) -> 0
D2639: =HYPERLINK(E2639) | F2639: =VLOOKUP(C2639,Лист1!$A:$C,2,0) -> #N/A | G2639: =LEN(C2639) -> 0
D2640: =HYPERLINK(E2640) | F2640: =VLOOKUP(C2640,Лист1!$A:$C,2,0) -> #N/A | G2640: =LEN(C2640) -> 0
D2641: =HYPERLINK(E2641) | F2641: =VLOOKUP(C2641,Лист1!$A:$C,2,0) -> #N/A | G2641: =LEN(C2641) -> 0
D2642: =HYPERLINK(E2642) | F2642: =VLOOKUP(C2642,Лист1!$A:$C,2,0) -> #N/A | G2642: =LEN(C2642) -> 0
D2643: =HYPERLINK(E2643) | F2643: =VLOOKUP(C2643,Лист1!$A:$C,2,0) -> #N/A | G2643: =LEN(C2643) -> 0
D2644: =HYPERLINK(E2644) | F2644: =VLOOKUP(C2644,Лист1!$A:$C,2,0) -> #N/A | G2644: =LEN(C2644) -> 0
D2645: =HYPERLINK(E2645) | F2645: =VLOOKUP(C2645,Лист1!$A:$C,2,0) -> #N/A | G2645: =LEN(C2645) -> 0
D2646: =HYPERLINK(E2646) | F2646: =VLOOKUP(C2646,Лист1!$A:$C,2,0) -> #N/A | G2646: =LEN(C2646) -> 0
D2647: =HYPERLINK(E2647) | F2647: =VLOOKUP(C2647,Лист1!$A:$C,2,0) -> #N/A | G2647: =LEN(C2647) -> 0
... D2716: =HYPERLINK(E2716) | F2716: =VLOOKUP(C2716,Лист1!$A:$C,2,0) -> #N/A | G2716: =LEN(C2716) -> 0
D2717: =HYPERLINK(E2717) | F2717: Да | G2717: =LEN(C2717) -> 0
D2718: =HYPERLINK(E2718) | F2718: Да | G2718: =LEN(C2718) -> 0
D2719: =HYPERLINK(E2719) | F2719: =VLOOKUP(C2719,Лист1!$A:$C,2,0) -> #N/A | G2719: =LEN(C2719) -> 0
D2720: =HYPERLINK(E2720) | F2720: =VLOOKUP(C2720,Лист1!$A:$C,2,0) -> #N/A | G2720: =LEN(C2720) -> 0
D2721: =HYPERLINK(E2721) | F2721: =VLOOKUP(C2721,Лист1!$A:$C,2,0) -> #N/A | G2721: =LEN(C2721) -> 0
D2722: =HYPERLINK(E2722) | F2722: =VLOOKUP(C2722,Лист1!$A:$C,2,0) -> #N/A | G2722: =LEN(C2722) -> 0
D2723: =HYPERLINK(E2723) | F2723: =VLOOKUP(C2723,Лист1!$A:$C,2,0) -> #N/A | G2723: =LEN(C2723) -> 0
D2724: =HYPERLINK(E2724) | F2724: =VLOOKUP(C2724,Лист1!$A:$C,2,0) -> #N/A | G2724: =LEN(C2724) -> 0
D2725: =HYPERLINK(E2725) | F2725: =VLOOKUP(C2725,Лист1!$A:$C,2,0) -> #N/A | G2725: =LEN(C2725) -> 0
D2726: =HYPERLINK(E2726) | F2726: =VLOOKUP(C2726,Лист1!$A:$C,2,0) -> #N/A | G2726: =LEN(C2726) -> 0
D2727: =HYPERLINK(E2727) | F2727: =VLOOKUP(C2727,Лист1!$A:$C,2,0) -> #N/A | G2727: =LEN(C2727) -> 0
...

Sheet Лист1
A1: Код
A2: 0101210000 | B2: Да
A3: 0101291000 | B3: Да
A4: 0101299000 | B4: Да
A5: 0101300000 | B5: Да
A6: 0101900000 | B6: Да
A7: 0102211000 | B7: Да
A8: 0102213000 | B8: Да
A9: 0102219000 | B9: Да
A10: 0102290500 | B10: Да
A11: 0102291000 | B11: Да
A12: 0102292100 | B12: Да
A13: 0102292900 | B13: Да
... A1657: 0910999900 | B1657: Да
A1658: 1001110000 | B1658: Да
A1659: 1001190000 | B1659: Да
A1660: 1001911000 | B1660: Да
A1661: 1001912000 | B1661: Да
A1662: 1001919000 | B1662: Да
A1663: 1001990000 | B1663: Да
A1664: 1002100000 | B1664: Да
A1665: 1002900000 | B1665: Да
A1666: 1003100000 | B1666: Да
A1667: 1003900000 | B1667: Да
A1668: 1004100000 | B1668: Да
A1669: 1004900000 | B1669: Да
... A13277: 9706900000 | B13277: Да
